{"is_source_file": false, "format": "", "description": "", "external_files": [], "external_methods": [], "published": [], "classes": [], "methods": [], "calls": [], "search-terms": ["CSS", "theme", "App-header", "theme-toggle", "dark mode", "light mode", "CSS variables", "responsive design", "CSS animations", "CSS media queries"], "state": 2, "file_id": 5, "knowledge_revision": 19, "git_revision": "1cc92c4f0b8d325f2015004d4d4117807b2aadf0", "hash": "22f9e17cc1848b56dbb244518ac2707e", "format-version": 4, "code-base-name": "todo_frontend", "filename": "todo_frontend/src/App.css", "revision_history": [{"19": "1cc92c4f0b8d325f2015004d4d4117807b2aadf0"}]}