{"is_source_file": false, "format": "json", "description": "", "external_files": [], "external_methods": [], "published": [], "classes": [], "methods": [], "calls": [], "search-terms": [], "state": 2, "file_id": 3, "knowledge_revision": 18, "git_revision": "1cc92c4f0b8d325f2015004d4d4117807b2aadf0", "hash": "d9d975cebe2ec20b6c652e1e4c12ccf0", "format-version": 4, "code-base-name": "todo_frontend", "filename": "todo_frontend/public/manifest.json", "revision_history": [{"18": "1cc92c4f0b8d325f2015004d4d4117807b2aadf0"}]}