{"is_source_file": true, "format": "JavaScript", "description": "This file is the main entry point for a React application. It sets up the application by importing React, ReactDOM, global CSS, and the main App component, then rendering the App component inside a React.StrictMode wrapper into the DOM element with id 'root'.", "external_files": ["./App", "./index.css"], "external_methods": ["ReactDOM.createRoot", "root.render"], "published": [], "classes": [], "methods": ["ReactDOM.createRoot", "root.render"], "calls": ["ReactDOM.createRoot", "root.render", "React.StrictMode", "<App />"], "search-terms": ["ReactDOM", "index.js", "main entry point", "React.StrictMode", "rendering"], "state": 2, "file_id": 10, "knowledge_revision": 24, "git_revision": "1cc92c4f0b8d325f2015004d4d4117807b2aadf0", "ctags": [{"_type": "tag", "name": "root", "path": "/home/kavia/workspace/code-generation/simple-to-do-list-315347-315356/todo_frontend/src/index.js", "pattern": "/^const root = ReactDOM.createRoot(document.getElementById('root'));$/", "language": "JavaScript", "kind": "constant"}], "hash": "9fc5841375336fc175b49f8767a11383", "format-version": 4, "code-base-name": "todo_frontend", "filename": "todo_frontend/src/index.js", "revision_history": [{"24": "1cc92c4f0b8d325f2015004d4d4117807b2aadf0"}]}