{"is_source_file": true, "format": "JavaScript (React JSX)", "description": "This file defines a React component 'App' that manages a theme state ('light' or 'dark') and provides a button to toggle the theme. It applies the theme to the document and displays UI elements including a logo, instructional text, theme status, and a link.", "external_files": ["./logo.svg", "./App.css"], "external_methods": [], "published": ["App"], "classes": [], "methods": [{"name": "App()", "description": "React functional component that manages theme state and renders UI elements, including a theme toggle button and other static content.", "scope": "", "scopeKind": ""}, {"name": "toggleTheme", "description": "Function to switch the theme state between 'light' and 'dark' when the toggle button is clicked."}], "calls": ["React.useState", "React.useEffect", "document.documentElement.setAttribute", "setTheme", "prevTheme => prevTheme === 'light' ? 'dark' : 'light'", "console.log"], "search-terms": ["React", "useState", "useEffect", "theme toggle", "App component", "light/dark mode", "CSS classes"], "state": 2, "file_id": 6, "knowledge_revision": 22, "git_revision": "1cc92c4f0b8d325f2015004d4d4117807b2aadf0", "ctags": [{"_type": "tag", "name": "App", "path": "/home/kavia/workspace/code-generation/simple-to-do-list-315347-315356/todo_frontend/src/App.js", "pattern": "/^function App() {$/", "language": "JavaScript", "kind": "function", "signature": "()"}, {"_type": "tag", "name": "Switch to ${theme === 'light' ? 'dark' : 'light'} mode", "path": "/home/kavia/workspace/code-generation/simple-to-do-list-315347-315356/todo_frontend/src/App.js", "pattern": "/^          aria-label={`Switch to ${theme === 'light' ? 'dark' : 'light'} mode`}$/", "language": "JavaScript", "kind": "field", "scope": "App.aria", "scopeKind": "class"}, {"_type": "tag", "name": "toggleTheme", "path": "/home/kavia/workspace/code-generation/simple-to-do-list-315347-315356/todo_frontend/src/App.js", "pattern": "/^          onClick={toggleTheme}$/", "language": "JavaScript", "kind": "field", "scope": "App.onClick", "scopeKind": "class"}], "hash": "b55dd9e6a018e59207d8e277dffd9e11", "format-version": 4, "code-base-name": "todo_frontend", "filename": "todo_frontend/src/App.js", "fields": [{"name": "aria-label={`Switch to ${theme === 'light' ? 'dark' : 'light'} mode`}", "scope": "App.aria", "scopeKind": "class", "description": "unavailable"}, {"name": "onClick={toggleTheme}", "scope": "App.onClick", "scopeKind": "class", "description": "unavailable"}], "revision_history": [{"22": "1cc92c4f0b8d325f2015004d4d4117807b2aadf0"}]}