{"is_source_file": false, "format": "", "description": "", "external_files": [], "external_methods": [], "published": [], "classes": [], "methods": [], "calls": [], "search-terms": [], "state": 2, "file_id": 2, "knowledge_revision": 17, "git_revision": "1cc92c4f0b8d325f2015004d4d4117807b2aadf0", "hash": "be6538e7523bc2e9da0743133d784136", "format-version": 4, "code-base-name": "todo_frontend", "filename": "todo_frontend/eslint.config.mjs", "revision_history": [{"17": "1cc92c4f0b8d325f2015004d4d4117807b2aadf0"}]}